acornsquash,veg
agave,
alfalfasprout,veg
almondmilk,
almond,
amaranth,
anchovy,
anise,
apple,fruit
apricot,fruit
artichoke,veg
artichokeheart,veg
asparagu,veg
aspic,
aubergine,
avocado,fruit
avocadooil,
bacon,
bagel,
bakedalaska,
bambooshoot,
banana,fruit
barbecue,
barley,
barleyflour,
basil,
batter,
beancurd,
bean,
beef,
beet,veg
beetgreen,veg
beetroot,veg
bellpepper,veg
berry,
biscuit,
blackbean,
blackberry,fruit
blackeyedpea,
blackpepper,
blacktea,
bloodorange,fruit
blueberry,fruit
bokchoy,veg
boysenberry,
bran,
bread,
breadfruit,fruit
brisket,
broccoli,veg
broth,
brownie,
brownrice,
brusselssprout,veg
buckwheat,
burrito,
butter,
butterbean,
butternut,veg
cabbage,veg
cake,
candyapple,fruit
cantaloupe,fruit
caper,
caramel,
caramelapple,fruit
carrot,veg
cashew,
cassava,
casserole,
cauliflower,veg
caviar,
cayennepepper,
celery,veg
cereal,
chard,veg
cheddar,
cheese,
cheesecake,
cheesespread,
cherry,fruit
chestnut,
chicken,
chickpea,
chili,
chilipepper,
chip,
chive,
chocolate,
chorizo,
chow,
chutney,
cider,
cilantro,
cinnamon,
citron,fruit
citru,fruit
clam,
clementine,fruit
clove,
cobbler,
coconut,fruit
coconutoil,
cod,
coffee,
coffeecreamer,
coleslaw,veg
collardgreen,veg
comestible,
condensedmilk,
confectionary,
cookie,
coppa,
cordial,
corianderseed,
corn,
cornflake,
cornflour,
cornmeal,
cornthin,
cottagecheese,
courgette,
couscou,
crab,
cracker,
cranberry,fruit
cream,
creamcheese,
crepe,
crust,
cucumber,veg
cuminseed,
cupcake,
curd,
currant,fruit
curry,
custard,
dailybread,
dandeliongreen,veg
danishpastry,
date,
dill,
dip,
dough,
dragonfruit,fruit
dressing,
driedfruit,
driedpea,veg
duckfat,
durian,
edamcheese,
eggplant,veg
egg,
elderberry,fruit
endive,
erythritolgranule,
favaban,
fennel,
fig,fruit
fillet,
flan,
flax,
flaxseed,
flour,
frenchfry,
fritter,
fructose,
fruitjuice,
garbanzobean,
garlic,
gelatin,
ghee,
ginger,
gingerale,
gooseberry,fruit
goudacheese,
granola,
grapefruit,fruit
grape,fruit
gravy,
greekyoghurt,
greenbean,veg
greenpea,
green,
greentea,veg
grub,
guacamole,
guava,fruit
gyro,
halibut,
ham,
hamburger,
hardcheese,
hash,
hazelnut,
herb,
honey,
honeydew,fruit
horseradish,
hotdog,
hotsauce,
hummu,
ice,
iceberglettuce,veg
icecream,
icedtea,
jackfruit,fruit
jalapeno,veg
jam,
jelly,
jicama,
jimmy,
jordanalmond,
juice,
julienne,
kale,veg
kebab,
ketchup,
kettle,
kettlecorn,veg
kidneybean,
kiwi,fruit
kiwifruit,fruit
kohlrabi,
kumquat,
lamb,
lard,
lasagna,
leek,veg
legume,veg
lemon,fruit
lemonade,
lentil,
lettuce,veg
licorice,
limabean,
lime,fruit
litchi,fruit
liver,
loaf,
lobster,
loquat,
lox,
lunchmeat,
lychee,fruit
macadamianut,
macadamiaoil,
macaroni,
macaroon,
maize,
malt,
mandarinorange,fruit
mango,fruit
maplesyrup,
margarine,
marionberry,
marmalade,
marshmallow,
mashedpotato,
mayonnaise,
meat,
meatball,
meatloaf,
melon,fruit
meringue,
milk,
milkshake,
millet,
mincemeat,
mint,
miso,
mochi,
molass,
molesauce,
mozzarella,
muesli,
mushroom,veg
mussel,
mustard,
mustardgreen,veg
mustardseed,
mutton,
navybean,
nectar,
nectarine,fruit
noodle,
nosh,
nut,
nutmeg,
oatmeal,
oat,
offal,
oil,
okra,veg
oleo,
oliveoil,
olive,fruit
omelet,
onion,veg
orange,fruit
oregano,
oyster,
pancake,
pancetta,
papaya,fruit
parsley,
parsnip,veg
pasta,
pastry,
pate,
patty,
pattypansquash,veg
pawpaw,
peach,fruit
peaflour,
peanutbutter,
peanut,
peapod,veg
pear,fruit
pea,veg
pecan,
pecannut,
pepper,veg
peppermint,
pepperoni,
persimmon,
pickle,
pie,
pilaf,
pineapple,fruit
pinenut,
pintobean,
pitabread,
pizza,
plum,fruit
poached,
polenta,
pomegranate,fruit
pomelo,
popcorn,
popover,
popsicle,
pork,
porkchop,
potato,
poultry,
preserve,
pretzel,
pricklypear,fruit
primerib,
prune,fruit
pudding,
pumpernickel,
pumpkin,veg
pumpkinseed,
punch,
quiche,
quince,
quinoa,
radish,veg
raisin,
raspberry,fruit
ration,
ravioli,
relish,
rhubarb,fruit
rice,
ricecake,
riceflour,
ricemilk,
romaine,veg
romainelettuce,veg
rosemary,
rye,
ryeflour,
saffron,
sage,
salad,
salami,
salmon,
salsa,
sardine,
sauce,
sauerkraut,
sausage,
scallop,
scrambled,
seafood,
seavegetable,veg
seaweed,veg
seed,
sesameseed,
shallot,veg
sherbet,
shishkebab,
shrimp,
slaw,
smoothie,
soda,
sodabread,
softcheese,
sole,
sorbet,
sorghum,
sorrel,
soup,
sourcream,
soy,
soybean,
soymilk,
soysauce,
spaghetti,
sparerib,
spelt,
spinach,veg
splitpea,
spork,
springonion,veg
sprout,veg
spud,
squash,veg
squid,
steak,
steviapowder,
stew,
stirfry,
strawberry,fruit
stringbean,
strudel,
submarinesandwich,
subsandwich,
succotash,
suet,
sugar,
summersquash,veg
sundae,
sunflowerseed,
sushi,
sweetpotato,
swisschard,
swordfish,
syrup,
taco,
tamale,
tangerine,fruit
tapioca,
taro,
tarragon,
tart,
tea,
teff,
tempeh,
teriyaki,
thyme,
tilefish,
toffee,
tofu,
tomatillo,
tomato,veg
torte,
tortilla,
tuber,
tuna,
turkey,
turmeric,
turnip,veg
turnipgreen,veg
uglifruit,fruit
vanilla,
veal,
vegetablejuice,veg
venison,
viennasausage,
vinegar,
wafer,
waffle,
walnut,
wasabi,
waterchestnut,
watercres,veg
watermelon,fruit
wheat,
wheatflour,
whey,
whippedcream,
wholewheat,
xylitolgranule,
yam,veg
yogurt,
yolk,
zucchini,veg
